name,price,status
HONOR Magic 6 Pro (12GB + 512GB) Epi Green,"₱59,999",Available online
Apple iPhone 11,"₱24,990",Available online
Samsung Galaxy A55 5G (8GB + 256GB) Navy,"₱24,990",Available online
Apple iPhone 13,"₱32,590",Available online
Apple iPhone 13,"₱32,590",Available online
name,price,status
HONOR Magic 6 Pro (12GB + 512GB) Epi Green,"₱59,999",Available online
Apple iPhone 11,"₱24,990",Available online
Samsung Galaxy A55 5G (8GB + 256GB) Navy,"₱24,990",Available online
Apple iPhone 13,"₱32,590",Available online
Apple iPhone 13,"₱32,590",Available online
,,
,,
,,
,,
,,
